id,type,text1,text2,text3,notes
,,,,,
#最新版本专属
SGB_station4,SHIP,"遵循打击学派设计风格的轨道站，链戍集团军的复仇兵器 - 不落要塞，其具备极端恐怖的舰载机投射能力，密集的搭载在空间站之上的大量动能武器将对一切敌人舰船快速施加巨量的幅能，随后赶到的机群将撕碎一切。

此空间站痴人说梦般的原定计划是令人惊愕的：链戍激进派设想依靠引力弹弓将整座空间站强行发射至霸主首都，并以此作为跳板进行报复。但由于其资金以及科研方面遭遇的大量问题，最终此方案被封存 - 但直到如今也并未被彻底否决。

这种平台具备造船厂、栖息地、工厂以及大量武器与物资储备，能在轨道影响范围内投射军事和工业力量。",,,
SGB_station4_ITS_MOVING,SHIP,"遵循打击学派设计风格的......人之领在上啊，这玩意怎么动起来了，快跑啊！",只存在于理论之中,未知条目,
SGB_Duplexing_ChainGun,WEAPON,一种专为突击舰船设计的可收纳型速射炮，得益于特殊的枪管导气冲程设计，多次弹头发射能够逐渐优化武器系统的自我调校，随后的废气会被用来重新填充下一枚弹药 - 但这种过于暴力的操作设计也会导致武器自身的枪管寿命在短短几十发后归零，也最终导致这种武器成为了所有后勤人员眼中和手中的 烫手山芋。
SGB_Roller,WEAPON,"原本是链戍作战部队的魔改鱼雷 - 作为不被军事部门所承认的一种武器，随时可能被撞击触发 曾是它的响亮名号，但在工程部介入后，这种武器就变成了一种相对稳定的设备。将大量重子物质高度离子化，然后简单粗暴的装载于一枚巨大的经过工程部认定的稳定鱼雷之上，你就得到了这个东西。

被全星域的后勤部门公认为星系间最该死的设计之一，尤其是维护方面 - 无论是维护这种武器，还是维护被这种武器烧焦的玩意。"
SGB_ArcFurnace,SHIP,"一种被 链戍集团军 所量产的突袭舰船，其携带的双工链炮能够在短时间内爆发出恐怖的输出，从而迅速撕裂敌方的护甲，并为后续的其他舰船和舰载机创造更有效的输出点位。因其市场价格相对廉价但表现优异，所以在许多佣兵舰队中都能见到他们的身影。",,,
SGB_Cupola,SHIP,"更大、更硬、生存能力更强大的超级货舰，这艘经过完全军事化设计的 冲天炉-级 的携货能力具备略胜于 阿特拉斯-级，但坚硬的防护能力远超过那脆弱的同僚，哪怕是不幸卷入战斗之中，冲天炉-级 那强大的基础性能也仍旧能够无效化大多试图骚扰的小型舰船 - 但一艘民用货船在面对大型舰船的火力直击时，何时被击毁也只是个时间问题。",,,
SGB_Zircon,SHIP,"皓石-级 驱逐舰一直在民用和军用间飘忽不定，其定位也众说纷纭，但得益于相对稳定的表现以及携带的瘫痪鱼雷，在战斗中突然冒出的皓石-级就能够让敌人那躲在舰体后的昂贵设备烧的一干二净。

一种小型的，轻盈的驱逐舰，很多时候只是被当作小型民用舰队防御上的面子工程，其性能一直算不上突出 - 直到一种由前线部队自行魔改的武器被列装于其上。",,,
SGB_Danburite,SHIP,"名字很响亮，但被派遣到这艘船上往往被认为是一件烂差事。这艘舰船的防护能力只略高于部分商船 - 这还是在有大量侧面装甲的情况下。由于内置了一门双工炮，舰船的内部几乎被镂空，而这也导致舰船那脆弱的框架会被任何星域中常见的炸药瞬间撕碎。但毕竟这艘舰船便宜无比，而且也没有巨大的船员和维护需求，对于需要协同火力的舰队而言反而是不错的选项 - 但仍旧在船员中有着骇人听闻的坏名声。

舰船自身几乎不具备自我远航能力，适合在具有一定后勤能力的舰队中充当小型火力艇来使用。",,,
SGB_Penetrator,SHIP,"没什么作战能力，但得益于稳定的护盾发生器，这种小巧的无人机可以在某些时刻撞大运般在过载前吃下巨大的单发火力 - 例如一发将它砸过载的死神鱼雷。",,,
SGB_wolf,SHIP,"和野狼-级异常相似，但头狼-级其实是野狼-级概念图的重现，这些在外观上花费了更多资金的家伙远不止颜值上比野狼要突出，其各方面的发挥也要略胜一筹。但相对而言，这种舰体由于从未被量产，即使有着相对庞大的基础数量，也并不如其他舰船一样常见。",,,
SGB_Graviton_pulse,WEAPON,"几乎在星域之中难以得一见，其与引力子束堪称师出同门的武器，但相比依靠持续性来造成稳定压制，这门武器则是在依靠过载发射率来造成短期粒子数量激增从而影响实际护盾受力比率... - 更多时候还是被简单的理解为爆发版本的引力子束。"
SGB_Tutia,WEAPON,"比导弹更强大的永远是更多的导弹，遵从这种设计逻辑，图提亚 MIRV 系统具备着相当恐怖的杀伤能力，导向能力较差的火箭弹被大量捆绑在一架无人机之上，并有无人机进行目标锁定，随后火箭弹齐发的巨大动量会撕碎这架可怜的无人机，而前方的目标也会在恐怖的火箭雨下遭受类似的命运。"
SGB_Homunculus,SHIP,"何蒙库鲁兹 - 在炼金术中的含义是人造人。这种舰船在星域中的遭遇报告相当少见，据传其内置有小型的无人机纳米工厂，在根本性上给予了这艘驱逐舰正面对抗巡洋舰的恐怖作战能力。在战斗中，一艘这样的舰船就将以极为恐怖的效率干扰、打断、撕碎敌方的一切战略部署，而图提亚 MIRV 系统所发射的导弹雨也将摧毁一切敌小型舰船的骚扰尝试。

或许在各个程度上都延续了链戍集团军对导弹的喜好。","不明舰船
遭遇数量极少
数据库中暂无简介","未知数据条目",
SGB_Transmutation,SHIP,"Transmutation - 在炼金术中专指质变(或嬗变)。其和链戍集团军中的许多舰船有着些许的相似之处，但其在星域中的数量却相当稀少。根据现有资料，其擅长在战斗中突进，并依靠自身的护盾系统掩护舰载轰炸机迅速击破面前的敌人。

这种近距离投弹不太符合链戍集团军关于Hit&Run的作战模式，但也许仍旧能算得上是打击学说。","不明舰船
遭遇数量极少
数据库中暂无简介","未知数据条目",
SGB_Cupola_P,SHIP,"经过了前红石晶特遣队的特殊改造，加装了大量甲板以及火力，同时在外观上更加突出，但和其他海盗产物不同 - 前红石晶特遣队的舰船都有接受良好的维护。

更大、更硬、生存能力更强大的超级货舰，这艘经过完全军事化设计的 冲天炉-级 的携货能力具备略胜于 阿特拉斯-级，但坚硬的防护能力远超过那脆弱的同僚，哪怕是不幸卷入战斗之中，冲天炉-级 那强大的基础性能也仍旧能够无效化大多试图骚扰的小型舰船 - 但一艘民用货船在面对大型舰船的火力直击时，何时被击毁也只是个时间问题。","不明舰船
遭遇数量极少
数据库中暂无简介","未知数据条目",
SGB_Fleamut_P,SHIP,"经过了前红石晶特遣队的特殊改造，彻底更改了护盾逻辑，同时在外观上更加突出，但和其他海盗产物不同 - 前红石晶特遣队的舰船都有接受良好的维护。

热断-级作为一种更为极端化的破军-级舰体打击特化改型，进行了不计成本的单舰优化，虽然大量内部设施都被用于匹配那独特的跃进系统，但就算比原型失去些许武器槽位，也完全不能掩盖其出色的爆发能力，数艘同时出现的热断-级将如同鬣狗般将它们的敌人封锁、蹂躏，并最终在一阵爆炸中分尸。

热断-级的设计虽然很早就被定下，但没人料到它会最终变成这个样子。破军-级被选作设计底稿只是源自于设计局内部闲聊的一场机缘巧合，而其舰船系统也只是同样来自于针对海姆斯-级舰船系统升级的一次良性系统错误。最终链戍工程师们费尽全力成功复现了这个系统缺陷，并在保证了这个问题的稳定运行后创造出了这么一种令人胆寒的舰船设计。","不明舰船
遭遇数量极少
数据库中暂无简介","未知数据条目",
SGB_Carving_P,SHIP,"经过了前红石晶特遣队的特殊改造，依靠针对大量速子舰队的袭击所获得的技术，对引擎进行了升级优化，同时涂装使得舰船在外观上更加突出，但和其他海盗产物不同 - 前红石晶特遣队的舰船都有接受良好的维护，但由于不具备稳定的替换件供给，内置的防空阵列已经被撤下，其所占用的空间已被用来优化幅能网络。

若不是因为其采用了巡洋级的修改适配端口，雕锻-级绝不可能被称呼为一艘巡洋舰。在这种舰船正式服役后，许多舰长发现雕锻-级那巡洋级的系统并不复杂 - 至少不像主力舰一样难以更改。所以在舰队中，修改舰船的安全系统线路成了很多激进舰组的乐趣，这种行为最终导致军部出台了相应的严苛法案 - 因为这种违规操作有损舰船寿命，而且严重、赤裸的暴露了链戍伪装这艘舰船实际战力的目的。","不明舰船
遭遇数量极少
数据库中暂无简介","未知数据条目",
SGB_Serpentine,WEAPON,"一枚沉重的机载无动力航弹，其内部含有大量溶胶混合物，在被释放的瞬间将会迅速扩散到附近的真空中。而随后产生的粒子冲击将冲向附近的敌人 - 并对焦灼战况中难以关闭护盾的敌人造成巨大的威胁。"
SGB_WingRail,WEAPON,"与其说这是LPC搭载的武器，不如说是这把武器搭载了LPC，整门武器占据了战机一半以上的大小，这种巨大的加速轨道将具备把弹丸送到相当远的地方，同时也具备着更强大的穿透力。"
SGB_Ares_Coop,SHIP,阿瑞斯的协同型号，代号为Ares-C05；其侧挂的劣化仪曾被称作是对离子束赤裸裸的抄袭，但在实际生产价格和实际适配度上远超它的前辈所创下的战绩；在空战和对舰上，其擅长于依靠自身良好的翻滚能力时刻确保对敌人时刻施压。其携带的额外武备也能在需要近距离缠斗时具备更多的应变手段，堪称一把全能手 - 除了令人诟病的脆弱结构令其难以在不付出巨大伤亡的前提下突防。
SGB_Agatha_Coop,SHIP,阿加莎的协同型号，代号为Agatha-C10；这种舰载机几乎和原型号不搭边，其大幅度的外形和体系更改都在各个层面上让它成为了一种全然不同的东西 - 一种浮游炮一般的轨道炮支援机，其具备持续威胁范围内敌人的能力，在许多时候能够保证母舰亦或是保护目标的对手不敢贸然突进，但其繁杂的设备需求让它变成了补给黑洞。
SGB_Agatha_Assault,SHIP,阿加莎的打击型号，代号为Agatha-S72；这种舰载机几乎和原型号不搭边，其大幅度的外形和体系更改都在各个层面上让它成为了一种全然不同的东西 - 一种极端的施压战机，为了迅速摧毁敌人的护盾，每艘舰载机都携带了一挺卷边器和一枚蛇纹石航弹，这些恐怖的动能火力足以在一瞬间将目标的护盾轰出崩塌警报，就算对方关闭了护盾，硕大的航弹仍旧能对目标造成可观的伤害 - 更何况许多舰队还会选择使用具备其他打击手段的战机来抓住这次打击机会。
SGB_Microhierax,SHIP,舰体的防御模块本身并不具备什么特色，但得益于其内置的时流系统，以及舰体前方具备大量武器类型接口的武备设计令其能爆发出其他扩展纪元舰船所不具备的恐怖实力，但由于这种舰船从未被正式量产，在星海之中远不如其他舰船一样常见。
SGB_WingPushPlate,SHIP_SYSTEM,为什么这种东西会被放到舰载机上？,,,
,,,,
#星球/地图建筑描述,,,,,,
,,,,,
SGB_planet1_description,CUSTOM,"作为在不知多久前遗弃的星堡，这里遍布大量的军事废墟，经过链戍集团军漫长的恢复工作，这座星堡的绝大多数设施都已经恢复运行 - 包括那耗能巨大的行星护盾。

链戍集团军的总核心便设立于此处，舰船不分昼夜的从船厂内竣工而出，大量的矿藏被这样快速消耗，整颗行星的一切都是为了复仇而做准备。

整颗行星的地下结构几乎被掏空并被重构，无数的地下""大陆架""结构支撑起地表的板块和地下的广袤网络系统，以保证整颗星球的人民能得以在最为恐怖的入侵中幸存。

由于其强势的军事化管理，黑市不存在于此星球。",,"红色的行星护盾如同蜘蛛网一样把整个星球包裹在其中，星球原本是一颗被废弃的星堡，但最终还是被链戍集团军的烈焰所驱动。你能看见大量舰船在星球各地被铸造，整个星球的矿产在被不计后果的开采，无数建筑物凌乱但却充满秩序的填充着所有缝隙，要塞的地下网络从地表直达地心。而你听说这一切都是在不到一个星历年内所完成的。

这里就是 链戍集团军 的新首都。

因为这里有着极为可怕的监管体系，在内务队的控制下，就再也没有任何海盗能得以混入其中 - 他们大多都在进入后的半周内被抓捕，并处以""泼酸刑""。而极端卢德分子则是依靠生活在各种不稳定的、散发剧毒的工业设施之中来避免可怕的审查 - 你很确信这里没法形成什么黑色产业链。

由于链戍内激进派近期的行动以及当权沉沦派政府机关的不作为，链戍军队中那股久违烈焰似乎被重新点燃。堪称丧心病狂的新军事化行动令链戍获得了大量兵员 - 尤其是大量不会流入市场的""黑衫内务队""，后者在星域中往往是链戍诸多舰队之上的核心军官成员。

这颗星球曾见证了一个时代的终结；而现在它见证了链戍集团军的崛起。在这里，链戍集团军或许会重拾打击战斗群的称号，并创造新的历史。",
SGB_planet3_description,CUSTOM,这里的天气热的惊人，整个星球的居住区都强烈依靠地下深层的居住区来进行生活。大多数的交易以及对外沟通则是依靠轨道上的空间站进行。,,"你感觉你要看到幻觉了。

整个星球的大气层在炽热之下呈现一股诡异的透视感。所有的东西都是扭曲的 - 你甚至还没搭乘穿梭艇往下开。

这里的天气热的惊人，大量沙尘暴和席卷全球的酸尘热浪在行星上空形成一股巨大的移动山脉。整个星球的居住区都强烈依靠地下深层的居住区来进行生活。而大多数的交易以及对外沟通则是依靠轨道上的空间站进行。",
SGB_resourcesPlanet_description,CUSTOM,"一些已经被勘测过的行星，但是并没有被 链戍集团军 所开发。",,,
SGB_planet_aouintes_Mission_Finish,CUSTOM,"链戍集团军 的旧首都，当 链戍集团军 正在和 速子科技 进行着局部冲突时，霸主 的舰队趁虚而入，并对这里进行了轨道轰炸。

链戍的部队 - 代号为 锻锤机动组 的小组迅速进行了反应，但等他们突破封锁线并到达星球轨道之上时 -
他们只看见了整个星球的漫天火海。

愤怒的残余链戍部队向着霸主主力舰队发起了一次决死地战斗 - 目的以只为杀伤敌方舰船，不考虑自我死活。虽然霸主舰队则毫不费力地扫清了这支绝望的舰队，但仍旧损失了几十余条战舰。

星球的大气层已经在那次灾难中消耗殆尽，而原本充足的有机物则变成了地表的熔岩亦或是漫天的烟尘，同时大量曾经开采的矿物变成了粉末糅杂于空气之中，在丁达尔效应下形成了这粉红的光芒 - 但也形成了致死级别的大气污染。

而根据 霸主 官方的辩解，那是一次战术轰炸。",,,
SGB_planet_aouintes,CUSTOM,"链戍集团军 的旧首都，当 链戍集团军 正在和 速子科技 进行着局部冲突时，霸主 的舰队趁虚而入，并对这里进行了轨道轰炸。

链戍的部队根本还没来得及反应，整个星球就已经被霸主的轰炸所捣毁。

星球的大气层已经在那次灾难中消耗殆尽，而原本充足的有机物则在那场燃烧中彻底消失不见，大量曾经开采的矿物变成了粉末糅杂于空气之中 - 形成了致死级别的大气污染。

根据 霸主 官方的说法，那是一次战术轰炸。",,,
SGB_planet6_platform,CUSTOM,"一个位置有些许偏远的前哨站，根据推测大概会在百年内因磁场作用而坠入母星；虽然现已被废弃，但至少外观上仍旧维护良好，对你而言这是可以避免仓库关税的好地方。",,"内部仍旧有着必要的些许舰船维护设施，并且大多数舱室仍旧保持良好，你推测这里曾经有人使用过。

随着你的勘测小队愈发深入探索，有着速子科技雇员标志的残缺尸体便显露在一些维护较差的地方，这里也有着不少舰船紧急起飞的痕迹 - 几个被链炮从内部撕裂的创口以及其上留下的反物质引擎灼烧痕迹，而他们的其中一些舰船似乎没能成功起飞。

这里曾经也有着不少似乎从属于第二十七战斗群的人员 - 这是在探索小队扫描了更多飘在更深处的尸体身份卡得知的。

也许这里发生过一场大战，亦或是一场哗变？但不论怎么样，他们似乎留下了点东西，而你确信这些东西对你的帮助远比那些古老的故事有趣的多。

[第一次到达此储存点时可以从中获取一些前人留下的资源]
你可以在此处维护你的舰船，亦或是存储大量物品。",
,,,,,
SGB_Ampoist_station,CUSTOM,"曾经受过链戍的打击的科研要塞，现如今仍旧能够勉强正常运作，而在受袭之前，这里总能定期产出一定的科研成果。

但随着链戍的那次打击，大量科研设施被不可逆损坏，现如今这里已经名存实亡。",,"要塞内有着大量的补丁，许多地方仍旧有着正在施工的标志。那次战斗据说非常惨烈，链戍所使用的冲击弹药直接过载了空间站的护盾系统，并导致的大量电路逆流几乎彻底将内部科研模块烧了个一干二净。

而紧随而来的大量战机则是完全本着灭绝措施而行动，无数火神炮将试图撤离的穿梭机全部打成夹杂着血肉的爆炸烟花。

在那之后，速子就对这个空间站没有多少资金投入了。",
SGB_Ampoist_station_Capt,CUSTOM,"曾经受过链戍的打击的科研要塞，在被链戍夺取后，经过大量的军事化调整，这里已经变成了彻彻底底的战斗要塞。

曾经的科研设施已经被提取残余信息，而多余的部分则被融成金属板用于制作舰船和弹药。",,"要塞内虽相当拥挤，但却被布置的十分合理。那次战斗据说非常惨烈，链戍所使用的冲击弹药直接过载了空间站的护盾系统，并导致的大量电路逆流几乎彻底将内部科研模块烧了个一干二净。

而紧随而来的大量战机则是完全本着灭绝措施而行动，无数火神炮将试图撤离的穿梭机全部打成夹杂着血肉的爆炸烟花。

在那之后，这里便接受了大量军事化改造，并被持有者试图作为核心星域的战术部署跳板。",
#势力介绍,,,,,,
SGB,FACTION,"
链戍集团军是中科风格的战斗群，一度被认为失联，但由于当时发生了重大的事件 - 大崩塌事件。这使得并没有任何组织有想过或是有能力去寻找他们，但对于不清楚具体原因的链戍集团军来说，他们只是在一次极为普通的演习后就被抛弃在星海之中的一小撮舰队罢了。这最终导致链戍集团军抛弃了他们原本的头衔 - 链戍打击队伍第二十七战斗群，并成为了一伙极度正规的逃兵；虽然随着链戍集团军内部的研究，历史逐渐明朗 - 自身被”抛弃“的缘由并非是来自人之领的恶意，但长久的遗留问题并不是短时间就能纠正的 - 最终链戍集团军决定遗忘这一切，并集体前往附近的星域度过余生。

与霸主不同，链戍并不在意人之领是否为正统 - 因为他们在失联后并没有被找回, 这让他们对确保人之领统治这件事丝毫不上心; 他们对星系霸权也没有任何想法，并很乐意与各个势力构建良好合作关系，毕竟往往合作才能解决争端问题。

但对于混乱的英仙座来说，站队不绝对就是绝对不站队；在一系列大大小小的局部冲突后，愤怒的链戍集团军正式宣布向速子科技以及霸主宣战，但仍旧与英仙座联盟保持了较为正常的外交关系。最终由于双线作战，导致链戍集团军受到了巨大的损失，并不得不退出了核心星域，退守到一个由他们所控制的小型军事星系之中伺机待发。",,,
,,,,,
#武器,,,,,,
SGB_Quench_Rocket,WEAPON,淬火 SRM 单元具备快速的导弹恢复能力，其能以稳定的速率生产导弹并自行装填，无论是短时间的爆发能力还是长久的压制，它都能完美的完成任务。,,,
SGB_Quench_Chaingun_L,WEAPON,淬火 链炮 模块本质上便是略微加快了发射速率的链炮装置，由于实际上体型更小，所以它维护起来相当麻烦。但在战场环境中，这挺链炮还是十分可靠的。,,,
SGB_Quench_Chaingun_R,WEAPON,淬火 链炮 模块本质上便是略微加快了发射速率的链炮装置，由于实际上体型更小，所以它维护起来相当麻烦。但在战场环境中，这挺链炮还是十分可靠的。,,,
,,,,,
SGB_Resonance,WEAPON,“磁共振 重轨炮使用了一种更为极端的能量爆矢推进系统，依靠短时释放的空间引导场，弹头可以以极端的速度裹挟着大量能量高速掠袭到敌方的面前，并在持续的发射下强迫敌人只能看着自己的护盾维持系统逐渐报警、崩塌、熔毁。“
SGB_Shackles_MissileLauncher,WEAPON,"鞭绽 MRM 发射器作为一种内置的导弹发射台，其具备压制性的远距反导能力；虽然正常情况下这些发射出去的导弹只能造成一定的破片损伤，但在面对密集或是并不密集的导弹时都可以依靠连爆来发挥出恐怖的制空能力；鞭绽 MRM 发射器所具备的自追踪系统对中小型导弹目标进行了特化，但其对舰锁定的能力已在一次测试后被强制锁定 - 为了防止对己方受损舰船的误击。",,,
SGB_Shackles_MissileLauncher_L,WEAPON,"鞭绽 MRM 发射仓将与其同名的鞭绽导弹进行额外的适配以进行安置，但相比于更小型化的发射仓，此版本在载荷、射程以及供弹方面都要差上许多。

其具备压制性的远距点防能力；虽然正常情况下这些发射出去的导弹只能造成一定的破片损伤，但在面对未成体系的舰载机以及并不密集的导弹时可以发挥出恐怖的制空能力；

鞭绽所具备的自追踪系统对中小型导弹目标进行了特化，但其对舰锁定的能力已在一次测试后被强制锁定 - 为了防止对己方受损舰船的误击。",,,
SGB_MeltingMold_Launcher,WEAPON,"熔模 EDL 能量密度载荷是一种微缩的等离子炮，小型化的过程使其实际输出受到了极大限制，独特的充能要求也使得它无法量产，也不能在战斗中装填；但抛开这些因素，熔模 EDL的独特发射模式让它拥有了独特的倒灌能力 - 弹体一旦接触到舰船，内涵的大量不稳定幅能流将飞速席卷整艘舰船。"
#SGB_Shackles_MissileLauncher,WEAPON,鞭绽 SRM 发射器最开始曾被设计为一种瘫痪类型的导弹，但在链戍发现这种导弹具有良好的载荷能力后，便对其进行了一定程度上的改造 - 移除臃肿的EMP发生装置，并进一步强化导弹的持久能力以及防护；将其变成了一个彻彻底底的追踪钢管发射器，并对敌人的护盾产生相对良好的压制效益。
SGB_Argion_Rocket,WEAPON,阿尔贞的导弹挂仓，得益于充足的原材料携带，舰体的导弹发射器在经过设计后便拥有了一定程度上的自恢复系统，配合阿尔贞的{Hit&Run 时总能将导弹扔的到处都是，随后从各个方向砸向没有全向护盾的敌人。,,,
SGB_Axio_Rocket,WEAPON,扔掉老旧的歼灭者火箭发射器吧！阿克西奥 渊薮挂仓具有整整 16 发渊薮导弹，这些凶残的小家伙会在发射后直接冲向敌人，而不需要像歼灭者一样瞄准和预判，在善于突击的舰载机身上总能爆发出恐怖的威力。,,,
SGB_Wings_Missile,WEAPON,渊薮导弹具备在一定距离内向敌人施压的能力，不过此挂点只携带了一枚此种导弹，虽然可以依靠装弹机缓慢装填，但其实际发挥不一定有渊薮 SRM 单元那么突出。,,,
SGB_Ship_Red_Missile,WEAPON,狼疮导弹具备良好的制导高速打击能力，不过此挂点只携带了一枚此种导弹，虽然可以依靠装弹机缓慢装填，但其实际发挥不一定有狼疮 MRM 单元那么突出。,,,
XXVII_den_Redmond_L,WEAPON,渊薮 SRM 单元具备在一定距离内向敌人施压的能力，其能依靠充足的载弹在整场战斗中向敌人制造弹幕；其单个导弹的威胁并不突出，但形成数量后则会变得极为危险。,,,
XXVII_den_Redmond_R,WEAPON,渊薮 SRM 单元具备在一定距离内向敌人施压的能力，其能依靠充足的载弹在整场战斗中向敌人制造弹幕；其单个导弹的威胁并不突出，但形成数量后则会变得极为危险。,,,
XXVII_den_Felix_L,WEAPON,渊薮 SRM 单元具备在一定距离内向敌人施压的能力，其能依靠充足的载弹在整场战斗中向敌人制造弹幕；其单个导弹的威胁并不突出，但形成数量后则会变得极为危险。,,,
XXVII_den_Felix_R,WEAPON,渊薮 SRM 单元具备在一定距离内向敌人施压的能力，其能依靠充足的载弹在整场战斗中向敌人制造弹幕；其单个导弹的威胁并不突出，但形成数量后则会变得极为危险。,,,
XXVII_den_Anvil_L,WEAPON,渊薮 SRM 单元具备在一定距离内向敌人施压的能力，其能依靠充足的载弹在整场战斗中向敌人制造弹幕；其单个导弹的威胁并不突出，但形成数量后则会变得极为危险。,,,
XXVII_den_Anvil_R,WEAPON,渊薮 SRM 单元具备在一定距离内向敌人施压的能力，其能依靠充足的载弹在整场战斗中向敌人制造弹幕；其单个导弹的威胁并不突出，但形成数量后则会变得极为危险。,,,
,,,,,
XXVII_den_Anvil_ML,WEAPON,锻铸 MRM 单元具备向更远距离的敌人施压的能力，同时也能依靠自身可怕的齐射弹幕重创对方；而充足的载荷让它也能轻易摧毁小型敌人。,,,
XXVII_den_Anvil_MR,WEAPON,锻铸 MRM 单元具备向更远距离的敌人施压的能力，同时也能依靠自身可怕的齐射弹幕重创对方；而充足的载荷让它也能轻易摧毁小型敌人。,,,
,,,,,
XXVII_den_Ogent_F,WEAPON,轧钢 MRM 模块能够较为缓慢的生产成批的钢针运载器，其搭载的高密度的微子形固稳钢针能暴力的冲击敌人的护盾，在部分情况下，这些暴躁的钢针也能直接扎穿敌人的护甲，伤及内部结构。,,,
XXVII_den_Achilles_L,WEAPON,狼疮 MRM 单元具备超乎想象的斩杀能力，来自狼疮的齐射足以让任何被阿基里斯-级的火力压制住护盾的目标，敌舰将难以迅速逃离这片斩杀范围，并在随后的火力之下宣告死亡。,,,
XXVII_den_Achilles_R,WEAPON,狼疮 MRM 单元具备超乎想象的斩杀能力，来自狼疮的齐射足以让任何被阿基里斯-级的火力压制住护盾的目标，敌舰将难以迅速逃离这片斩杀范围，并在随后的火力之下宣告死亡。,,,
,,,,,
XXVII_den_Onslaught_LL,WEAPON,渊薮 MRM 挂仓具备在一定距离内向敌人施压的能力，其能依靠充足的载弹在整场战斗中向敌人制造弹幕；其单个导弹的威胁并不突出，但形成数量后则会变得极为危险。,,,
XXVII_den_Onslaught_RL,WEAPON,渊薮 MRM 挂仓具备在一定距离内向敌人施压的能力，其能依靠充足的载弹在整场战斗中向敌人制造弹幕；其单个导弹的威胁并不突出，但形成数量后则会变得极为危险。,,,
XXVII_den_Onslaught_LF,WEAPON,锻钉 MRM 射仓直接连接至舰体内部的导弹锻造核心之中，让它具备了恐怖的续航能力；其实际输出能力由于射角而受到了极大制约，这仍是需要指出的一点。,,,
XXVII_den_Onslaught_RF,WEAPON,锻钉 MRM 射仓直接连接至舰体内部的导弹锻造核心之中，让它具备了恐怖的续航能力；其实际输出能力由于射角而受到了极大制约，这仍是需要指出的一点。,,,
,,,,,
SGB_Nuke_Launch_L,WEAPON,辉锑矿 反应聚爆弹 发射架具体搭载的东西没多少人搞得清，唯一确定的是，这种缓慢但坚固的导弹内部蕴含的大量能量能令其具备独自远航的能力；而大量的载荷和其极端的续航能力互不影响，在命中敌人时，一颗辉锑矿完全可以撕碎敌人的护盾，而那紧接的第二发将踹开敌人身上的全部护甲。,,,
SGB_Nuke_Launch_R,WEAPON,辉锑矿 反应聚爆弹 发射架具体搭载的东西没多少人搞得清，唯一确定的是，这种缓慢但坚固的导弹内部蕴含的大量能量能令其具备独自远航的能力；而大量的载荷和其极端的续航能力互不影响，在命中敌人时，一颗辉锑矿完全可以撕碎敌人的护盾，而那紧接的第二发将踹开敌人身上的全部护甲。,,,
#战机联队,,,,,,
SGB_Drone,SHIP,一种相当基础的无人机，在链戍集团军的许多舰船上都有所应用 - 大多都是后勤搬运，而真的经过了军事化改造还能被直接拉到战场上的少之又少；这种无人机携带的武器完全取决于生产时恰好赶上了什么武器溢价，其在战场上很难说有什么实际定位，其最大的特色就是那个小小的热诱弹发射器，以及全身的电网都被用于供给的那个小号的舰载武器，而这几乎也让它失去了幅能、移速以及几乎所有其他东西。,,,
SGB_Agatha,SHIP,这种LPC在链戍航母上可以激活其他型号的改造，阿加莎-级是良好的多能手，其内置的诱饵发射器可使防御火力远离自身亦或高价值目标，而携带的两枚渊薮导弹可以同时起到一定程度的破甲作用，头钉给予了它良好的对轻甲能力，同时轻机枪则保留了它一定的对盾效能。,,,
SGB_Ares,SHIP,这种LPC在链戍航母上可以激活其他型号的改造，阿瑞斯-级多机编组的诱饵发射器将极大干扰敌方的点防系统，使其在和敌军战机夺取制空以及压制敌方护盾时可以拥有更稳健、持久的输出，两门头钉可以将失去护甲的目标迅速从战场上蒸发，而机体所携带的渊薮导弹则帮助它快进击穿敌方护甲的过程。,,,
SGB_Axio,SHIP,这种LPC在链戍航母上可以激活其他型号的改造，阿克西奥-级的设计和{镰状剑有许多相似之处，相比于{镰状剑，阿克西奥独特的自旋翼引擎给予了它极强的机动能力，而比起火箭，链戍集团军的设计师毫不意外的选择了导弹来作为挂载弹药，这些都是为了保证这种战机能在炮火连天的战场中尽量保存自身，并造成尽可能多的有效杀伤而设计的。,,,
SGB_Argion,SHIP,阿尔贞-级所具备的特殊模块系统使得它具有多种不同配置型号，经过特化的机体可以积累逐渐加速的能量——也就是会越开越快，这使得它往往可以很好的执行{Hit&Run 战术，并且得益于其独特的导弹自产系统，它不必像其他轰炸机一样返舰补给。所有驾驶此种舰载机的驾驶员必须了解反向机动以确保舰载机和驾驶员在战后的顺利回收。,,,
SGB_Quench,SHIP,淬火-级猎机具备相当独特的机体构造，其搭载有大量武器装备，以及一对快速生产弹药的导弹模块，大多数情况下都无法见到这种战机的出现，只有某些特殊舰船才具有他们的生产设施。,,,
SGB_Quench_Fri,SHIP,"淬火联队的长机，淬火-级猎机具备相当独特的机体构造，其搭载有丰富的武器装备，以及一对快速生产弹药的导弹模块，大多数情况下都无法见到这种战机的出现，只有极少数情况下才能在特殊的生产舰船介入 - 亦或是直面淬火编队 - 时才能得以窥见。",,,
SGB_Quench_Clo,SHIP,"淬火联队的领机，只有各个淬火联队的{ACE 才有资格驾驶，这架淬火-级猎机经过了大量个性化改造，其不仅搭载有大量武器装备，而且还进一步强化了其护甲结构以及盾效，作为每一个编队组的头号领机，一组小队的支援也是必不可少的。",,,
#战机变种
SGB_Ares_DogFight,SHIP,阿瑞斯的制空型号，代号为Ares-S79；这种舰载机几乎和原型号不搭边，其大幅度的外形和体系更改都在各个层面上让它成为了一种全然不同的东西 - 一种空雷拦截机，内置的投射仓安装了市面上常见的毒刺-级空雷，为了防止因战机速度使得高速空雷滞存造成的误伤，此武器被限制为只能在点防需求下进行开火。
SGB_Ares_Assault,SHIP,阿瑞斯的打击型号，代号为Ares-A08；比起原型号，它牺牲了部分极速，换取了更加强大的防护以及更加骇人听闻的火力，小型舰船那轻薄的护甲在它那三门内置榴弹枪的爆发之下显得微不足道，而面对重甲舰船，它也可以依靠填弹加速器迅速成为对方的眼中钉；但必须指出的是 - 由于短时间内的大量开火，战机会很快过热，并进入一定时间的疲软期来从中恢复。
SGB_Agatha_DogFight,SHIP,阿加莎的制空型号，代号为Agatha-D30；其设计目标就是在饱和防空的同时，填补防空系列之中缺少的反舰能力，依靠其配有的三挺头针-哨戒炮、无固定槽的速转力臂系统炮塔以及额外调试的点防御AI系统，Agatha-D30总是能迅速在空战中蒸发大量路过的轻甲目标，并在集群时依靠可怕的爆发能力在数个回合内摧毁敌方落单的倒霉鬼。
SGB_Axio_Coop,SHIP,阿克西奥的协同型号，代号为Axio-S02；这种舰载机几乎和原型号不搭边，其大幅度的外形和体系更改都在各个层面上让它成为了一种全然不同的东西 - 一种极端的幅能投射器。然而由于这种武器对于轰炸机而言还是过于挤占空间，并严重影响了理论精度，导致这种武器在舰载机上仍旧需要抵近到将近300su内可以准备开火。
SGB_Axio_DogFight,SHIP,阿克西奥的制空型号，代号为Axio-D51；此舰载机丢弃了原型号作为轰炸机的武备，并强行焊接了防空炮等诸多防空武器，让它像一座外置炮塔一样辅助舰队进行拦截。
SGB_Axio_Assault,SHIP,阿克西奥的打击型号，代号为Axio-K02；这种舰载机几乎和原型号不搭边，其大幅度的外形和体系更改都在各个层面上让它成为了一种全然不同的东西 - 一种大型的熔解束炮艇，其主要作战风格便是依靠强大的防护能力强行抵近敌舰，并在随后依靠内置的黑箱武器瞬间熔解对方。
SGB_Pin,WEAPON,一种简单的，但是经过极致微缩化的火神炮，携带更加具有危害性的不稳定钢弹头来达到更极限的出膛速度。
SGB_PinTwi,WEAPON,一种简单的，但是经过极致微缩化的双联火神炮，拥有整整两挺用来发射不稳定钢弹头的枪管。
SGB_ShockerShade,WEAPON,极端的能量体发射器，其打出的大量离子团若在消散前接触到任何实体目标，就将产生极大的扰乱反应，随后无数电子就会呈现出让机修部很不开心的化学反应。
SGB_FerricOxide,WEAPON,几乎就是缩小化的离子束，大量外露的结构虽让它不太美观，而且它的实际单体效果也实在难以恭维，但依靠这种最原始的减压手段能几乎规避任何由于武器小型化而导致光束节点快速过热自熔毁的可能性。
SGB_Temperom,WEAPON,"一种黑箱武器，原理不明，但是可以被生产；其发射的粒子束对现有的大多数装甲层都是毁灭性的，其庞大的能量粒子会摧毁装甲分子结构的稳定性，随后崩解熔毁。",1071.294659596
SGB_Curlor,WEAPON,原本是一种专门为战机设计的钢针发射器，由于发明企业已经在几十个星历年前因为输掉了商业官司而关门大吉，各种进一步小型化的数据已经不再可考，不过这种武器仍旧还在被链戍以阵列式成批装载到舰船上进行使用。
SGB_Barb,WEAPON,小型速射火炮，装载的弹头采用自反应原理，所以仍能在这种大小下呈现出比较稳定的弹道和可观的杀伤力。
SGB_Screws,WEAPON,一种更有效的刚性弹头小型轻机枪，螺钉基本上和市面上流通的轻机枪类似，但后者的武器AI系统更优先选择进行点防，并不像前者 - 螺钉则专注它的实际本职工作，也就是优先执行反护盾打击任务。
SGB_ScrewsTwi,WEAPON,一种更有效的刚性弹头小型双联轻机枪，为了联发而缩小化了弹头的实际大小，双联螺钉基本上和市面上流通的轻型双管机枪类似，但后者的武器AI系统更优先选择进行点防，并不像前者 - 双联螺钉则专注它的实际本职工作，也就是优先执行反护盾打击任务。
SGB_AirGrenade,WEAPON,一种设计较为古老的联发空雷射仓系统，由于链戍丢失了对应弹药的生产蓝图，导致这种射仓只能在经过一定处理后搭载市面上最常见的毒刺-级空雷；从实战上讲，将许多空雷丢在一个飞机上来把敌舰载机炸的皮开肉绽永远不会过时。
SGB_SGL,WEAPON,一种小型轨道枪，用于把高爆榴弹以较高的速度打出去，得益于其微小的体型，其主要被列装在舰载机上。
SGB_HighSpeed_flarelauncher,SHIP_SYSTEM,一次释放大量具有优良追踪性能的广域诱饵弹，大约需要十秒才能完成二次装填。
SGB_Fighter_damper,SHIP_SYSTEM,利用强烈的空间共振来阻滞附近的粒子，在极短时间内降低约30%舰载机所受伤害，舰载机不能在这段时间内开火。
SGB_Decoy,WEAPON,一次释放大量具有优良追踪性能的广域诱饵弹，会追击其作用范围内的敌对目标予以拦截，可以十分有效的提前解决袭击落单舰船的舰载机小队。
SGB_Coahuilite,WEAPON,"陨铁阵列能够快速发射大量亚常规口径的小型破片榴弹，这使得此武器能在不增加幅能系统压力的前提下快速制造一片弹幕。由于炮管在高速射击时事故频出，最终导致武器从一开始的双联变成了四联以增加炮管寿命 - 但仍旧遗传了那差的要命的精度问题。

炮台内室除保养以及维修时间外都不应有任何人员进入，以杜绝因可能的气压剧变造成非战斗人员损伤。"
SGB_Acidslay,WEAPON,"酸性渣-电浆发射器是一种具有一定范围后效的武器，虽然在大多数情况下并不会造成什么威胁。不过一旦其击穿目标护甲并在目标内部发生反应，就能造成非常严重的后果。"
#船只简介,,,,,,
SGB_Anoyas,SHIP,"盎亚斯-级原本是一种小型模块化运输舰船，和水牛有着一些相似之处，链戍集团军在原战斗舰船的基础上进行了调整，并将其改造成一种极为高效的运输船，而这艘经过了货物运输改造。充足的武备使得其不会那么容易被各路海盗盯上。但无论如何 - 盎亚斯-级仍旧只是民用级别的舰船，大量搭载的武器严重影响了其机动能力，需要短时间过载动力系统才能做出一定的反应，当导弹消耗完毕的时候，就是盎亚斯-级命不久矣的时候。",,,
SGB_Anoyas_Tanker,SHIP,"盎亚斯-级原本是一种小型模块化运输舰船，和水牛有着一些相似之处，链戍集团军在原战斗舰船的基础上进行了调整，并将其改造成一种极为高效的运输船，而这艘经过了燃料运输改造。充足的武备使得其不会那么容易被各路海盗盯上。但无论如何 - 盎亚斯-级仍旧只是民用级别的舰船，大量搭载的武器严重影响了其机动能力，需要短时间过载动力系统才能做出一定的反应，当导弹消耗完毕的时候，就是盎亚斯-级命不久矣的时候。",,,
SGB_Buffalo,SHIP,"基于水牛-级货舰的衍生舰种。在适当的军事化后，将部分货舱改为舰载机仓来对试图埋伏运输队的敌人倾泻货物 - 当然，这些货物往往是舰载机所搭载的炮弹。

目前，星域中不仅充斥着风险与暴力，且绝大数冲突经常都是因为一丁点的资源或轻微的蔑视而瞬间爆发起来的。由于军用级舰船有时并不能及时达现场，因此一些聪明的工程师转而对那些原本毫无威胁的民用船体进行改造，以满足这方面的需求。

虽由水牛-级船体框架改进而来，但因改造范围相当怪异，因此该舰也被公认为是一种毫无用途的舰船。依靠从运输效果上砍出的舰载机空间，使其在运输方面不能较好的达成任务，却只能在战斗时起到极少的作用。",,,
SGB_SoftMelting,SHIP,"作为经过一系列加固措施的辉腾-级改型，软熔-级具有它的前辈所不具备的良好防护能力，这些额外加装的护甲挤占了大量老旧的炮塔和排幅管设计，但也同样为其装载了自动填弹的导弹机；出于对安全的考虑，存放易燃易爆物品的仓库 - 热诱弹，被替换成了更稳定的发动机设施，让软熔-级能在危机四伏的战场上具备战略转移的能力。

虽然这么说，但本质上大量护甲的加装并不是多么合理的操作，这种改造在一定程度上降低了这条舰船本就不多的货舱载荷以及那少的可怜的散幅绩效。"
SGB_Mould,SHIP,"浇铸-级是巨像-级重型货舰的改型版本，浇铸-级安置了大量的导弹发射仓，并内置了一门用于采矿作业的钻探冲击波；而其内置的狼疮导弹供弹设备直接连接至舰体内部的生产纳米炉，当运输队遇袭时，浇铸-级能远远的为整个队伍提供支援。",,,
SGB_Ceaies,SHIP,"为应对边缘星系日益增长的海盗骚扰，链戍集团军 通过了对杜普利-级的一次武装化改革，凯斯-级准护卫舰作为最终设计产物得以量产，相较于原型，其变化巨大，良好的隔离性发动机、更加工业风的外观、易于维修的模块化处理，以及大量的武装槽成功的令其具备了一定程度上的优秀护卫能力。",,,
SGB_Duplin,SHIP,"杜普利-级在风筝-级的基础上进行了大范围改造，毕竟在失重环境中，流线型设计的意义并没有多大，所以链戍集团军的设计师们对风筝-级的内部空间进行了大刀阔斧的改革，使得它拥有了两个炮台位，并内置了一对机枪用来对敌人还击，但顶置炮台最终还是被挪除，用于分配被新炮台挤占的舰内空间。

其亦具有强大的引擎，不过同样的：在失重环境且并未开启机动推进器的情况下，其机动性能仍有所欠缺。",,,
SGB_Redmond,SHIP,"这种舰艇的个头并不大，但其内部的空间规划相当有趣，同时其具备的小型导弹发射模块能让他一定程度上针对敌方的小型舰船。但其本身作为一种运输船，它并不坚固 - 一旦它的护甲被击穿，随便什么炮火就可以迅速蒸发掉它那高效利用的结构。",,,
SGB_Felix,SHIP,"费利克斯-级内部的空间规划相当有趣，同时其内置了一对导弹模块 - 在配合能对敌人护盾施加压力的舰船时，费利克斯-级总能找准机会发射一片弹幕。",,,
SGB_Wiesios,SHIP,"得益于全舰都在围绕那极度暴躁的引擎而设计，维索斯-级具备护卫舰之中优异的速度，同时其武器系统采用了类似锤头-级的操控模块，这使得其在面对一定火力时仍旧可以依靠优秀的爆发骚扰敌方，并协助己方大型舰船。携带的追踪诱饵弹也能让维索斯-级具备良好的生存能力，成组的维索斯-级也可以强行吃掉不成形的敌人非主力舰队。",,,
SGB_Sumner,SHIP,"萨姆纳-级拥有丰富的槽位以及护卫舰中优秀的护甲。善于依靠强大的导弹投射火力对敌人进行骚扰打击；但某些舰长更喜欢驾驶它冲到敌人的面前，并利用其高效的爆发能力瞬间击毁敌人。",,,
SGB_Posmous,SHIP,"波斯摩斯-级内置了一对钢针发射器在舰体正前方。这也是最终导致其被分类为轻型驱逐舰的主要原因 - 长度。得益于波斯摩斯-级独特的发动机设计方案，在战斗中它具备着良好的机动能力，同时其经过特化调谐的护盾可以更迅速的进行反应。一般情况下，这种舰体主要运用于支援以及鱼雷发射，但因其部署简单的特性，所以实际应用起来相当广泛。",,,
SGB_Posmous_2,SHIP,"这艘波斯摩斯-级在早期就接受了来自链戍集团军的系统重建改造，此舰的槽位为了搭载新型系统以及更多的护甲做出了一定的迭代升级，并如同一把匕首 - 在战斗中以难以捉摸的行动来迅速扎入敌人所能显露的一切破绽。

波斯摩斯-级内置了一对钢针发射器在舰体正前方。这也是最终导致其被分类为轻型驱逐舰的主要原因 - 长度。得益于波斯摩斯-级独特的发动机设计方案，在战斗中它具备着良好的机动能力，同时其经过特化调谐的护盾可以更迅速的进行反应。一般情况下，这种舰体主要运用于支援以及鱼雷发射，但因其部署简单的特性，所以实际应用起来相当广泛。",,,
SGB_Hammies,SHIP,"海姆斯-级继承了原型锤头-级的优点并进一步加强了防护能力，位于舰船前端的剑桥被移至后方，获得更好视野的同时，令前端得以放下一处新的武器挂点。独特的隔离式发动机减少了因战斗机的干扰而导致舰船引擎频繁掉线的隐患，虽然舰船在一定程度上牺牲了更多的常态机动性，但得益于实验性的舰船突进系统，海姆斯-级获得了其原型所不具备的极强的近身缠斗能力。其常常会在热断-级的带领下突入战场。",,,
SGB_Fleamut,SHIP,"热断-级作为一种更为极端化的破军-级舰体打击特化改型，进行了不计成本的单舰优化，虽然大量内部设施都被用于匹配那独特的跃进系统，但就算比原型失去些许武器槽位，也完全不能掩盖其出色的爆发能力，数艘同时出现的热断-级将如同鬣狗般将它们的敌人封锁、蹂躏，并最终在一阵爆炸中分尸。

热断-级的设计虽然很早就被定下，但没人料到它会最终变成这个样子。破军-级被选作设计底稿只是源自于设计局内部闲聊的一场机缘巧合，而其舰船系统也只是同样来自于针对海姆斯-级舰船系统升级的一次良性系统错误。最终链戍工程师们费尽全力成功复现了这个系统缺陷，并在保证了这个问题的稳定运行后创造出了这么一种令人胆寒的舰船设计。"
SGB_Fleamut_2,SHIP,"这艘热断-级是极为少见的早期原装舰船，其只经过了必要的调整来适配如今的武器装备，相比于大多数现存的热断-级，此舰船仍旧遵循着最开始的护甲模式 - 在完全不影响耗散的情况下使用了更坚固且不影响机动性的贵重护甲板块。得益于舰船系统所带来的瞬间突进能力，其在战场上能宛若一把长矛 - 将混杂在舰队之中，并在敌人露出破绽之时狠狠扎入敌人的咽喉。

热断-级作为一种更为极端化的破军-级舰体打击特化改型，进行了不计成本的单舰优化，虽然大量内部设施都被用于匹配那独特的跃进系统，但就算比原型失去些许武器槽位，也完全不能掩盖其出色的爆发能力，数艘同时出现的热断-级将如同鬣狗般将它们的敌人封锁、蹂躏，并最终在一阵爆炸中分尸。

热断-级的设计虽然很早就被定下，但没人料到它会最终变成这个样子。破军-级被选作设计底稿只是源自于设计局内部闲聊的一场机缘巧合，而其舰船系统也只是同样来自于针对海姆斯-级舰船系统升级的一次良性系统错误。最终链戍工程师们费尽全力成功复现了这个系统缺陷，并在保证了这个问题的稳定运行后创造出了这么一种令人胆寒的舰船设计。"
SGB_Cindotch,SHIP,"辛多奇-级的名字本质上是词组Cinder north的复合词，而后者是 出渣口 的意思；虽然名字听起来并不怎么体面，但辛多奇-级在战场上总能稳定的对敌方舰船施压，并时刻为友方舰船保驾护航。

在老道的佣兵口中有着""突击性能比较强的肉坨坨""的美称。

绝不是一艘会开加力的太空坦克。"
SGB_HexagonalScreen,SHIP,"六角筛-级是一种从链戍舰队序列中被淘汰的军用后勤舰船，其位置已被更廉价的盎亚斯-级武装驳船所取代 - 虽说官方通告如此，但这种被拆卸了军事级计算系统的大铁块仍旧在以民用舰船的身份活跃在星海之中。

六角筛-级的舰船系统十分稳定，其原因据悉为当时所存在的一种恶性系统漏洞，这种漏洞会使得舰船系统对各种问题做出极端反应。在经过一系列复现与调整后，这使得不慎陷入战斗的六角筛-级总能保证自己的资源消耗被控制在最低值 - 从而让它能稳定运行更长时间，即使它的武备让大多数人都不想这么做。"
SGB_HexagonalScreen_C,SHIP,"这艘六角筛-级经过了一定的改造，在不影响自身运输能力的情况下于船体结构中挖出了一片甲板区域。六角筛-级是一种从链戍舰队序列中被淘汰的军用后勤舰船，其位置已被更廉价的盎亚斯-级武装驳船所取代 - 虽说官方通告如此，但这种被拆卸了军事级计算系统的大铁块仍旧在以民用舰船的身份活跃在星海之中。

六角筛-级的舰船系统十分稳定，其原因据悉为当时所存在的一种恶性系统漏洞，这种漏洞会使得舰船系统对各种问题做出极端反应。在经过一系列复现与调整后，这使得不慎陷入战斗的六角筛-级总能保证自己的资源消耗被控制在最低值 - 从而让它能稳定运行更长时间，即使它的武备让大多数人都不想这么做。"
SGB_Jolt,SHIP,"一艘被称作小巧且凶猛的舰船，但在了解他它的实际分级后，就会发现它在同级中的体积大小完全算不上合规。震实-级最大的特色便是其额外的内部甲板，这些后备力量可以在紧急情况下快速部署，而那藏匿在大型挂点之下的隐秘槽位偶尔会出奇制胜。

作为第二十七战斗群的常见舰船之一，震实-级在竞标之初曾作为巡洋舰竞选，但由于火力密度问题而落标。最终设计方以一种难以理解的方式将舰船内的配置进行了降级 - 更换为驱逐级别的处理系统，并令其以一种啼笑皆非的方式得到了招标，值得一提的是，震实-级与雕锻-级的设计都来自同一设计局。

曾在竞标中落败于阿斯凯迪-级。",,,
SGB_Jolt_2,SHIP,"这艘震实-级是极为少见的早期原装舰船，其只经过了必要的调整来适配如今的武器装备，相比于大多数现存的震实-级，此舰船的幅能系统抗压能力更高，并且也具备更稳定的推进系统；一艘被称作小巧且凶猛的舰船，但在了解他它的实际分级后，就会发现它在同级中的体积大小完全算不上合规。震实-级最大的特色便是其额外的内部甲板，这些后备力量可以在紧急情况下快速部署，而那藏匿在大型挂点之下的隐秘槽位偶尔会出奇制胜。

作为第二十七战斗群的常见舰船之一，震实-级在竞标之初曾作为巡洋舰竞选，但由于火力密度问题而落标。最终设计方以一种难以理解的方式将舰船内的配置进行了降级 - 更换为驱逐级别的处理系统，并令其以一种啼笑皆非的方式得到了招标，值得一提的是，震实-级与雕锻-级的设计都来自同一设计局。

曾在竞标中落败于阿斯凯迪-级。",,,
SGB_Bastard,SHIP,"迅捷且幅能网强劲的战斗机，为了简化成本，其设计的诸多成效均参考了臭名昭著的短剑级 - 但在前者的基础上大幅强化了幅能系统，用以长时间带动战机所具备的武备。

其出现的目的就是为了彻底挤占短剑的所有市场。",,,
# Old ---
SGB_Ogent,SHIP,"欧贞特-级最大的特色在于其模块化的生产维护方式，这使得其异常易于生产部署，其具备良好的巡航速度，作战风格趋向于利用大量实弹武器追击敌方舰船，并以绝对的狼群数量撕碎敌方的大型舰船。",,,
SGB_Davington,SHIP,"达文波特-级拥有着凶残的导弹投射能力，经验丰富的舰长会驾驶这艘舰船凶猛的追击对方的舰船并斩杀敌方，但会选择好时间，因为达文波特-级并不具备很优秀的点防系统。其内置的台风级死神鱼雷是其制胜的一大法宝。",,,
SGB_Whip,SHIP,"鞭绽-级具有独特的内置导弹发射台，其善于在战场中后方进行作战支援 - 亦或是携带足够庞大的终结打击鱼雷杀入战场，并随后顶开敌人那被死神鱼雷撕裂的船身继续前进;大多数情况下，鞭绽-级那独特的防御导弹发射台可以应对大量来自敌人的导弹或战机编队，从而为其他舰船的突击创造有利条件。",,,
SGB_Aligate,SHIP,"阿利盖特-级和阿利库替-级非常类似，但与后者不同。这艘舰船更偏向于航母定位，其具备的甲板以及维护设施可轻松支持两个编队的战机需求。",,,
SGB_Alicuty,SHIP,"阿利库替-级和阿利盖特-级非常类似，但与后者不同。这艘舰船更偏向于驱逐定位，其被压缩的甲板空间只可支持一组编队战机部署，但额外配置的炮台以及空出的内部空间使得它可以在战场上有更丰富的表现。",,,
SGB_Achilles,SHIP,"得益于内置的装弹系统，阿基里斯-级无论是作为一柄锤或是一把弩，都能将它的威力稳稳地释放在敌人的舰船之上，内置的狼疮导弹也能在紧要关头迅速扭转局面；虽然此舰设计美学并不讨喜，但在战场上往往由激进的舰长们要求驾驶，并狠狠重击他们所面对的敌人。",,,
SGB_Snapdragon,SHIP,"火钳-级的其前半部分原本是甲板，在经过改造后变成了新的炮塔位 - 这种操作进一步挤占了舰船内的空间，使得火钳-级在接受私人化调整时略微有些棘手，难以支撑住大量的插件改造。此舰在理论上拥有着不亚于雄鹰-级的凶残火力，并且夸张的大量混合槽位可以支持各类能被各路舰长想出的各种邪门配置，用以最大限度的膈应敌人。

火钳-级其实并非链戍自己原创的设计类型，其原型是链戍曾经从核心星域撤离时，来自{英仙座联盟}的护卫援助舰队之中大量携带的一种舰船 - 这些曾经援助链戍的舰船有相当一部分被英仙座联盟赠与了当时衰败的链戍用以进行一定的基础护卫工作。此后，这些在如此重要历史节点中的舰船给链戍军民留下了非常良好的印象，并在诸多倡议下被采购、改造、乃至最终得到了链戍的反向破译 - 而英仙座联盟也并未对此多说些什么。此后火钳-级逐渐在链戍的军舰队伍之中崭露头角，并让不少赏金猎人在接到来自速子和霸主的最新请求后厌烦的破口大骂。

但此舰设计改造也导致许多维护人员会对曾经是甲板仓的火控舱室破口大骂 - 毕竟为了不影响舰船设计，内部大量为航母服务于舰载机的舰船内部架构被大量遗留，但又充斥了火控系统的大量管线和探测设施，可谓是狠狠的膈应到了几乎所有被分配到火钳-级上的后勤人员，他们也戏称自己为{钳炉灰 - 毫无价值，遍地都是，而且浑身被灰尘搞得乌漆嘛黑的可替代品。"
SGB_Falcon,SHIP,"在外观上就能明显的看出其底稿为猎鹰-级轻型巡洋舰，这艘猎鹰-级接受了来自链戍集团军的系统重建改造，这在一定程度上削弱了舰船原本理论上的极速和幅能极限，但得益于链戍集团军的特异化引擎，舰船在遭遇战之前的全速机动仍旧相比老型号略胜一筹。"
SGB_Falcon_2,SHIP,"在外观上就能明显的看出其底稿为猎鹰-级轻型巡洋舰，这艘猎鹰-级在早期就接受了来自链戍集团军的系统重建改造，后续的一系列恢复性建设也拉回了此舰船应有的基础面板效能，此舰还额外加装了鞭绽-级支援舰上的防御导弹，同时得益于链戍集团军的特异化引擎，舰船在遭遇战前的全速机动则全面优胜于老型号。"
SGB_Eagle,SHIP,"在外观上就能明显的看出其底稿为雄鹰-级巡洋舰，这艘雄鹰-级接受了来自链戍集团军的系统重建改造，这在一定程度上削弱了舰船原本理论上的极速和幅能极限，但得益于链戍集团军的特异化引擎，舰船在遭遇战之前的全速机动仍旧相比老型号略胜一筹。"
SGB_Eagle_2,SHIP,"在外观上就能明显的看出其底稿为雄鹰-级巡洋舰，这艘雄鹰-级在早期就接受了来自链戍集团军的系统重建改造，后续的一系列恢复性建设也拉回了此舰船应有的基础面板效能，此舰还额外加装了小型防御导弹，同时得益于链戍集团军的特异化引擎，舰船在遭遇战前的全速机动则全面优胜于老型号。"
SGB_Carving,SHIP,"若不是因为其采用了巡洋级的修改适配端口，雕锻-级绝不可能被称呼为一艘巡洋舰。雕锻-级内置的防空阵列虽然有着令人惊愕的后坐力，但也正因如此，雕锻-级同样能以恐怖的效率将其面朝的大片空域划作禁飞区，将一切小型导弹集群以及护甲不优秀的LPC中队瞬间溺死在破片海之中。

在这种舰船正式服役后，许多舰长发现雕锻-级那巡洋级的系统并不复杂 - 至少不像主力舰一样难以更改。所以在舰队中，修改舰船的安全系统线路成了很多激进舰组的乐趣，这种行为最终导致军部出台了相应的严苛法案 - 因为这种违规操作有损舰船寿命，而且严重、赤裸的暴露了链戍伪装这艘舰船实际战力的目的。"
SGB_Carving_SD,SHIP,"这艘雕锻-级出现的场合以及它身上的涂装就能让人能十分清楚的了解到这艘舰船的归属权 - 或者真的是这样吗？在经过一定的数据诊断后，很容易就可以发现这艘舰船并没有经过任何来自辛达强权方面的军委部门以及某位领袖的监督，甚至它的大多数系统后门都与标准版没有任何区别。

更何况这与辛达强权现有的改造相比，几乎就是明智改装 - 由此可以确认此类舰船绝非出自于辛达强权的船坞内。关于此舰船的来历，许多道听途说的理由都指向链戍和辛达强权的不为人知的合作。

若不是因为其采用了巡洋级的修改适配端口，雕锻-级绝不可能被称呼为一艘巡洋舰。雕锻-级内置的防空阵列虽然有着令人惊愕的后坐力，但也正因如此，雕锻-级同样能以恐怖的效率将其面朝的大片空域划作禁飞区，将一切小型导弹集群以及护甲不优秀的LPC中队瞬间溺死在破片海之中。

在这种舰船正式服役后，许多舰长发现雕锻-级那巡洋级的系统并不复杂 - 至少不像主力舰一样难以更改。所以在舰队中，修改舰船的安全系统线路成了很多激进舰组的乐趣，这种行为最终导致军部出台了相应的严苛法案 - 因为这种违规操作有损舰船寿命，而且严重、赤裸的暴露了链戍伪装这艘舰船实际战力的目的。"
SGB_Ascaedy,SHIP,"阿斯凯迪-级浓缩密集的武器配置，同时还盈余出了舰载机的空间。内置的炮台螺旋系统可以使其具备极度优秀的反应能力。作为一种航空巡洋舰，阿斯凯迪-级在战场上的发挥很简单 - 突击到最前线，随后用自身密集的火力试着在敌人阵线上撕开一个口子。",,,
#SGB_Anvil,SHIP,"铸砧-级具备优异的导弹投射能力，其火力配置极为凶残 - 搭载了大量高速装填导弹系统，并具备相当罕见的淬火部署系统；设计上，铸砧-级往往应该位于前线附近提供支援，但几乎所有舰长都更乐意冲上去使用其搭载的凶残炮火快速解决问题。得益于其具备的大量高速装填导弹模块，铸砧-级即使在面对小船集群时也有着相当快速且主动的应对能力。",,,
SGB_Anvil,SHIP,"铸砧-级作为一艘军用级后勤运输舰船，其具有着难以想象的优异导弹投射能力，其火力配置极为凶残 - 在拥有大量高速导弹巢的同时，也配置了相当罕见的淬火部署系统；设计上，铸砧-级往往作为一种缓慢的火力支点，在必要的情况下临时卸载货物，并在其他舰船的协同下依靠自身的装甲来强行冲击敌人。得益于其具备的大量高速装填导弹模块，小型的护卫舰狼群难以在不付出代价的前提下来对铸砧-级造成决定性损伤。",,,
SGB_Stress,SHIP,"应力-级进一步延申了鹰系家族的荣耀，其良好的机动性以及较为多样的装配手段能使其在战场上担任诸多定位 - 虽说在大多情况下其都是承担远程压制这一职位，并在紧急时刻立即转场；其在链戍教本的作用下，能在遭遇战中与巡洋级舰船一同突入战场中央，并随后建立一座稳固的桥头堡。

应力-级的设计是在链戍前往英仙座的途中完成的，并在首都 Aouintes 完成了初试校验与量产，现存蓝图已在霸主针对首都的打击行动后遗失，现存舰船只有极少数仍具有其初始理论战力；在许多时候，应力-级都被视为足够硬朗的，具备一定控场效能的雄鹰-级上位 - 即使维护也因此水涨船高,但对比起其他的战列舰，应力-级的维护则是完全在可接受范围内；应力-级的槽位在诸多主力舰中略显贫庸，但并不算差的基础幅能则能在自身机动力的加持下保证这些槽位的稳定火力，以及特殊情况下的追击效能。

其最大的问题与来自后勤人员的诟病便是其自身的装甲维护需求 - 主要是喷漆以及防护层的定期维护，这一切都是因为他那完全内置于装甲内部的左右侧翼引擎，以及其喷射而出的近乎紧贴舰船护甲层的常年灼热所导致的，这也为其在全星系的维护人员中赢得了 装甲自残-级 的良好恶名。

尽管作为一艘链戍集团军的主力舰，却并没有内置导弹发射器，这倒的确是一件新颖的事情。",,,
SGB_Stress_2,SHIP,"这艘应力-级是极为少见的早期原装舰船，其只经过了必要的调整来适配如今的武器装备，相比于大多数现存的应力-级，此舰船有着几乎全面提升的优良属性；极为优秀的机动性以及丰富的应变手段能使其在战场上担任诸多定位 - 无论是支援、压制还是斩杀；其在链戍教本的作用下，能在遭遇战中与巡洋级舰船一同突入战场中央，并随后建立一座稳固的桥头堡。

应力-级的设计是在链戍前往英仙座的途中完成的，并在首都 Aouintes 完成了初试校验与量产，现存蓝图已在霸主针对首都的打击行动后遗失，这艘舰船便是仍具有其初始理论战力的原装型号；在许多时候，应力-级都被视为足够硬朗的，具备一定控场效能的雄鹰-级上位 - 即使维护也因此水涨船高,但对比起其他的战列舰，应力-级的维护则是完全在可接受范围内；应力-级的槽位在诸多主力舰中略显贫庸，但并不算差的基础幅能则能在自身机动力的加持下保证这些槽位的稳定火力，以及特殊情况下的追击效能。

其最大的问题与来自后勤人员的诟病便是其自身的装甲维护需求 - 主要是喷漆以及防护层的定期维护，这一切都是因为他那完全内置于装甲内部的左右侧翼引擎，以及其喷射而出的近乎紧贴舰船护甲层的常年灼热所导致的，这也为其在全星系的维护人员中赢得了 装甲自残-级 的良好恶名。",,,
SGB_Ductility,SHIP,"延性-级的存量相当稀少，在英仙座的图纸已全部丢失。现存的所有延性-级都只是远古时代的存货。这些独特的枢纽具备恐怖的战机投射能力，其内部具有的极为复杂的黑箱系统在占满幅能管道后能够复制大量舰载机 - 并且会自动无人化这些LPC - 并投射到整个战场。

现存的延性-级经过了大量现代化改造，但其本身仍旧是不可重新制造的远古存货。"
SGB_Ductility_2,SHIP,"这艘延性-级是极为少见的早期原装舰船，其只经过了必要的调整来适配如今的武器装备，相比于大多数现存的延性-级，此舰船具有更好的机动能力以及额外的甲板区域，这使得它能投放更多的无人机蜂群来淹没所有敌人。

延性-级的存量相当稀少，在英仙座的图纸已全部丢失。现存的所有延性-级都只是远古时代的存货。这些独特的枢纽具备恐怖的战机投射能力，其内部具有的极为复杂的黑箱系统在占满幅能管道后能够复制大量舰载机 - 并且会自动无人化这些LPC - 并投射到整个战场。

现存的延性-级经过了大量现代化改造，但其本身仍旧是不可重新制造的远古存货。"
SGB_Onslaught,SHIP,"历史悠久的著名设计。由于攻势-级那简易的维护系统，大量生产部署仍旧成为了可能；因链戍集团军更加专注于打击学派的建设，所以这种变体的攻势-级为了机动和大量的导弹打击模块牺牲了不少护甲和船体内部的抗性结构，但得益于改造后的优异引擎，攻势-级总能及时到达前线，并用数倍于敌人的大量弹幕和导弹硬生生的砸开敌人的阵线。

当攻势-级第一次从轨道船坞发射升空时，这艘让周遭舰船相形见绌的庞然大物让整片星域都为之震颤。甚至有传言称它们是在一场早被遗忘的战争中被制造用以对抗异种的中流砥柱。后来，人之领 工程师对其蓝图进行了改进，不仅增加了护盾系统、升级了超光速引擎、还通过自动化和迭代工程减少必要船员的数量。即使有其它更先进的主力舰蓝图，但由于系统极其简单，故攻势-级仍然当今最容易生产的主力舰之一。

这艘在设计时就未曾考虑护盾的战舰仅凭可靠装甲就能在承受猛烈炮火的同时，最大程度保护船员们的安全并组织有效反击，因而深受军官和船员们的爱戴。尽管在后勤方面需依赖大量的弹药补给，但凭借其无与伦比的正面火力，让攻势-级可在数分钟内摧毁整支舰队。",,,
SGB_Forgnace_Battle,SHIP,"极为擅长游走的主力舰，锻炉-级自设计之初就被用于构造高速打击小组迅速突破敌人的防御阵线，并在敌人做出反应前完成战术目标。不得不提到的，其内置的 辉锑矿-反应聚爆弹 作为一种针对敌方大型目标的特化飞弹，能在诸多情况下强行撬开由敌人主力舰所牵头的防线。锻炉-级最令人诟病的点在于 - 为了散幅而裸露的大量内部结构让那看起来厚重的装甲很难用到实处。

锻炉-级的设计需要追溯到星门坍塌以前，当时的链戍集团军仍旧服役于人之领的军事体系之下，当时的链戍军事设计局在加急的战斗需求下设计出了独属于第二十七集团军的火力舰。当时的锻炉-级携带了大量如今无法仿制的星际飞弹，而由于制作工艺的缺失，现如今的所有锻炉-级都采用了一种新形式的巡航导弹 - 同样的威力，但数量受到了限制。",,,
SGB_Forgnace_Battle_2,SHIP,"这艘锻炉-级是极为少见的早期原装舰船，其只经过了必要的调整来适配如今的武器装备，相比于大多数现存的锻炉-级，此舰船具有更坚固的防护装甲，这种坚实且轻薄的装甲难以大批量进行维护，所以只在较少的舰船上能够被列装。

极为擅长游走的主力舰，锻炉-级自设计之初就被用于构造高速打击小组迅速突破敌人的防御阵线，并在敌人做出反应前完成战术目标。不得不提到的，其内置的 辉锑矿-反应聚爆弹 作为一种针对敌方大型目标的特化飞弹，能在诸多情况下强行撬开由敌人主力舰所牵头的防线。锻炉-级最令人诟病的点在于 - 为了散幅而裸露的大量内部结构让那看起来厚重的装甲很难用到实处。

锻炉-级的设计需要追溯到星门坍塌以前，当时的链戍集团军仍旧服役于人之领的军事体系之下，当时的链戍军事设计局在加急的战斗需求下设计出了独属于第二十七集团军的火力舰。当时的锻炉-级携带了大量如今无法仿制的星际飞弹，而由于制作工艺的缺失，现如今的所有锻炉-级都采用了一种新形式的巡航导弹 - 同样的威力，但数量受到了限制。",,,
SGB_Forgnace,SHIP,"锻炉要塞-级是锻炉-级设计的衍生实验产物，基本上可以概括为将一艘主力舰和航空要塞进行融合，并在不严重影响可靠性的情况下搭载尽可能多样的武备。锻炉要塞-级据悉已被从链戍的编制中剔除，但仍有少量报告声称在极为稀有的情况下 - 由完好无损的锻炉要塞-级带头的链戍舰队仍会在外围星系执行某些秘密任务。

锻炉要塞-级的设计是在锻炉-级以及延性-级的设计大获成功后，由一伙不可考的科研组所牵头进行的。仅仅从结果上而言，若排除后勤所导致的严重问题，想必他们一定获得了成功。",,,
#炼金术
SGB_Hydrargyri,SHIP,"令所有英仙座科学研究者为之疯狂的水银形-级，搭载了人之领时期所设计的黑箱装置 - 太一系统。由于链戍在流亡过程中遗失了许多重要的维护设备，现如今能搭载此设施的舰体仅剩下了水银形，而此舰船全舰的幅散网络都被并入了太一系统，也就代表着在开启此系统以及冷却期间内，此舰船都会极为脆弱。

太一系统的名字据说来自于极其遥远的炼金术科技，而链戍的整个 金元素 研究，就建立于此之上。",,,
XXVII_flak_Felix,SHIP_SYSTEM,"向自身前方发射大量电磁近炸炸药，以压制敌舰载机。",,,
XXVII_Quench,SHIP_SYSTEM,同时部署两艘 淬火-级 猎机，并在编队出舱瞬间进行一次长途导弹齐射。此过程会消耗母舰约4%的战备。一场战斗最多使用5次。,,,
SGB_SpatiootemporalDrive_Light,SHIP_SYSTEM,进一步简化的实验性机动装置，能在短时间内将机体时空扭转至一个极端的水准之上。,,,
SGB_SpatiootemporalDrive,SHIP_SYSTEM,进一步优化的实验性机动装置，能在短时间内将机体时空扭转至一个极端的水准之上。,,,
SGB_SpatiootemporalDrive_Austenite,SHIP_SYSTEM,进一步优化的时空驱动模块，同时设置了额外的充能仓；开启后能在短时间内将机体时空扭转至一个极端的水准之上。,,,
SGB_drone_pd_x3,SHIP_SYSTEM,释放三只携带了火神炮的无人机，从而获得额外的点防御能力。,,,
SGB_drone_pd_x4,SHIP_SYSTEM,释放四只携带了IR脉冲炮的无人机，从而获得额外的近距打击能力。,,,
SGB_Austenite_System_Ammo,SHIP_SYSTEM,机体内置的强速率超驰装填器，能将实弹配置的武器发挥到极致。,,,
SGB_Austenite_System_Repair,SHIP_SYSTEM,强制在短时间内增强结构抗性，此过程会禁用武器。,,,
SGB_RepairWings,SHIP_SYSTEM,依靠内置的磁共振效应快速粉碎钢铁材料，从而‘雕刻’出一艘新的舰载机并立刻投入使用，可每半分钟积攒一次使用所消耗的能源，最多积攒两次。,,
SGB_ConstructWing,SHIP_SYSTEM,根据舰载机数量的不同，生成不同数量的无人化战机编队，编队将会无视自身索敌大小，并持续战斗到敌人或自己死亡。此系统再次释放时，若有上次释放的轰炸机仍旧存活，将会予以自毁，对于其他类型的战机则予以一定加成；此系统只能在上一编队全部阵亡后重新启用。系统在搭载一些特殊、编码错误的LPC时无法起作用。,,
SGB_AsAboveSoBelow,SHIP_SYSTEM,增强自身所搭载的武器射速并额外开启辅助推进网络，此过程完全忽视武器正常幅能消耗，导弹类除外。,,
SGB_damper,SHIP_SYSTEM,利用强烈的空间共振来阻滞附近的粒子，此过程会干涉舰船武器系统，导致其不能在这段时间内开火。
#新
SGB_drift,SHIP_SYSTEM,进行一次全向的短距离冲程突进，并在一段时间后再次进行一次更长的冲程突进；为保证安全，武器系统会在每次系统启动的首次突进后临时闭锁进行同调，并在第二次突进前重新启动。
SGB_drift_e,SHIP_SYSTEM,进行一次全向的中距离冲程突进，随后将引擎增压于能量武器，短时间增加能量武器的伤害，并在一段时间后再次进行一次略短的冲程突进；系统会导致武器自动索敌系统停火，需使用X键重新启用。
,,,,,
SGB_Mission_station3_hightech,SHIP,"速子科技的研究站点，内部含有大量科技资料，在被链戍袭击时，内部正在举行高级会议 - 其中的部分与会成员就是曾经下令追击链戍撤离队伍的领头人。而这也是链戍无论如何也要拿下这里的原因，无论是摧毁空间站还是活捉，这些人必须为他们曾经的所作所为付出代价。"
SGB_Austenite,SHIP,"代号为奥氏体-级的特殊战机 - 虽然在级别上已经公认为一种标准护卫舰，但具有模块化定制的功能。其原本作为第二十七战斗群的一种突击组编制舰船，但大多数蓝图已在漫长的岁月之中流失，而仅存的几十架奥氏体-级也已经极难在星域间遇见。",,,
SGB_Austenite_Carrier,SHIP,"代号为奥氏体-级的特殊战机 - 虽然在级别上已经公认为一种标准护卫舰，但具有模块化定制的功能。其原本作为第二十七战斗群的一种突击组编制舰船，但大多数蓝图已在漫长的岁月之中流失，而仅存的几十架奥氏体-级也已经极难在星域间遇见。",,,
SGB_Austenite_Weapon_Gun_L,WEAPON,"奥氏体-级的内置武器，其能发射快速发射一种高能量弹药，并使其高效洗掉敌人的装甲和结构 - 甚至也能在敌人幅能居高不下时击穿敌人的护盾。",,,
SGB_Austenite_Weapon_Gun_R,WEAPON,"奥氏体-级的内置武器，其能发射快速发射一种高能量弹药，并使其高效洗掉敌人的装甲和结构 - 甚至也能在敌人幅能居高不下时击穿敌人的护盾。",,,
SGB_Austenite_Weapon_Rocket_L,WEAPON,"奥氏体-级的内置武器，快速生产大量具有一定追踪性能的能量共振导弹，这让它具有更好的通用性 - 无论是在远处压制敌方还是直接执行打击任务。",,,
SGB_Austenite_Weapon_Rocket_R,WEAPON,"奥氏体-级的内置武器，快速生产大量具有一定追踪性能的能量共振导弹，这让它具有更好的通用性 - 无论是在远处压制敌方还是直接执行打击任务。",,,
SGB_Austenite_Weapon_Blast_L,WEAPON,"奥氏体-级的内置武器，以较高的幅能需求来产生高能电子团，从而在一阵耀眼的光芒中把敌人的舰载设备烧个焦脆。",,,
SGB_Austenite_Weapon_Blast_R,WEAPON,"奥氏体-级的内置武器，以较高的幅能需求来产生高能电子团，从而在一阵耀眼的光芒中把敌人的舰载设备烧个焦脆。",,,
SGB_Austenite_Rocket_L,WEAPON,"奥氏体-级的内置副武器，能快速并持续的生产大量高爆导弹压制敌人 - 有些时候也会做为散装的破甲鱼雷来使用。",,,
SGB_Austenite_Rocket_R,WEAPON,"奥氏体-级的内置副武器，能快速并持续的生产大量高爆导弹压制敌人 - 有些时候也会做为散装的破甲鱼雷来使用。",,,
SGB_Axio_Rocket_2,WEAPON,扔掉老旧的歼灭者火箭发射器吧！渊薮 速射挂仓具有整整 20发 渊薮导弹，这些凶残的小家伙会在发射后直接冲向敌人，而不需要像歼灭者一样瞄准和预判，在善于突击的舰载机身上总能爆发出恐怖的威力;作为额外适配了奥氏体之翼的渊薮挂仓型号，其具有相对更优的导弹效果。,,,
SGB_Austenite_Wingman_Ship,SHIP,"奥氏体-级的子机，具有独特的作战效果以及战术多样性；其本身只是奥氏体-级的一些替换零部件，但得益于模块化组装系统，只需经过一定的后期调整就能部署出不少的协助机体。",,,
SGB_Austenite_Wingman_Assault,SHIP,"奥氏体-级的子机，具有独特的作战效果以及战术多样性；其本身只是奥氏体-级的一些替换零部件，但得益于模块化组装系统，只需经过一定的后期调整就能部署出不少的协助机体。",,,
#未知
SGB_Carbonization,SHIP,"""说真的，这种东西最值得研究的是它前面的那些小玩意，但是为什么我们组会被划给研究这么个破推进器上？整整两个月过去了我们连这玩意他妈的是怎么开起来的都没搞明白。""",不明舰船,"未知条目

根据链戍的遭遇报告，此子型号具有一定跃进能力，需要进行一定防范。
预计威胁指数：较低。",,
SGB_Undervoltage,SHIP,"""逆熵的东西在人之领科技里面已经有不少了，但是我一直搞不明白这是怎么办到的。""",不明舰船,"未知条目

根据链戍的遭遇报告，此子型号具有逆熵能力，表层坚固难以破坏。
预计威胁指数：中等。",,
SGB_Overcurrent,SHIP,"""对于这些残骸的收容简直就是个灾难，如果它们的质量到达一定的阈值，那么它们就会直接活过来 - 就如同记录里的一样。""",不明舰船,"未知条目

根据链戍的遭遇报告，此型号极端不可控，且难以被约束。
预计威胁指数：未知。",,
SGB_Misalignment,SHIP,"""请求更多资金，我们没能成功找出突破口。""",不明舰船,"未知条目

根据链戍的遭遇报告，此子型号具有一定突进能力，需要注意其对战线可能的切割划分。
预计威胁指数：中等。",,
SGB_LargeGrain,SHIP,"""老天，我真的很好奇，记录里它们那独特的...结构 - 就如同结缔组织一样，这东西难道是活的？""",不明舰船,"未知条目

根据链戍的遭遇报告，此子型号可能携带极端武器，且较为坚固难以击穿。需要集中火力才能击毁。
预计威胁指数：中等。",,
SGB_DisinRadia,WEAPON,"""我-没-疯，还要说多少次你们才能相信我？那条暗淡的光束真的只是在接触的一瞬间，就让在终端后 Korean 舰长那和我对话的脑袋液化了一半。""",- Korries Loamos，舰队指挥官,
SGB_MatealDisper,WEAPON,"""熵探测，物质解离，P空间驱动转换，亦或是什么超空间虚幻物质 - 整个现场科学小组直到撤离前都没能搞明白多余的能量到底被送去了哪里。""",- 熔毁 遭遇战的事后报告，数据已归档,
SGB_PlasDicGener,WEAPON,"""随着时间的推移，强行虹吸至现实的P空间压缩物质会越来越不稳定 - 随后那坚不可摧的固态外壳就会被任何细小的触碰所引爆。在预算部那两个活阎王下来清算前，这玩意已经炸坏了好几个宝贵的隔离设施了。""",- 未知数据碎片,